{
    "name": "root",
    "gauges": {
        "Economic.Policy.Entropy.mean": {
            "value": 1.4344193935394287,
            "min": 1.418938398361206,
            "max": 1.4344193935394287,
            "count": 11
        },
        "Economic.Policy.Entropy.sum": {
            "value": 7074.556640625,
            "min": 6586.3857421875,
            "max": 8174.939453125,
            "count": 11
        },
        "Economic.Step.mean": {
            "value": 54976.0,
            "min": 4992.0,
            "max": 54976.0,
            "count": 11
        },
        "Economic.Step.sum": {
            "value": 54976.0,
            "min": 4992.0,
            "max": 54976.0,
            "count": 11
        },
        "Economic.Policy.ExtrinsicValueEstimate.mean": {
            "value": 14.713887214660645,
            "min": 13.947539329528809,
            "max": 17.927108764648438,
            "count": 11
        },
        "Economic.Policy.ExtrinsicValueEstimate.sum": {
            "value": 1250.680419921875,
            "min": 1087.9080810546875,
            "max": 1505.877197265625,
            "count": 11
        },
        "Economic.IsTraining.mean": {
            "value": 1.0,
            "min": 1.0,
            "max": 1.0,
            "count": 11
        },
        "Economic.IsTraining.sum": {
            "value": 1.0,
            "min": 1.0,
            "max": 1.0,
            "count": 11
        },
        "Economic.Environment.EpisodeLength.mean": {
            "value": 602.0,
            "min": 602.0,
            "max": 603.0,
            "count": 7
        },
        "Economic.Environment.EpisodeLength.sum": {
            "value": 7224.0,
            "min": 7224.0,
            "max": 7236.0,
            "count": 7
        },
        "Economic.Self-play.ELO.mean": {
            "value": 1175.8344164297298,
            "min": 1175.8344164297298,
            "max": 1197.0065700969376,
            "count": 7
        },
        "Economic.Self-play.ELO.sum": {
            "value": 14110.012997156759,
            "min": 14110.012997156759,
            "max": 14364.078841163251,
            "count": 7
        },
        "Economic.Environment.CumulativeReward.mean": {
            "value": 0.5,
            "min": 0.16666666666666666,
            "max": 0.5,
            "count": 7
        },
        "Economic.Environment.CumulativeReward.sum": {
            "value": 6.0,
            "min": 2.0,
            "max": 6.0,
            "count": 7
        },
        "Economic.Policy.ExtrinsicReward.mean": {
            "value": 0.5,
            "min": 0.16666666666666666,
            "max": 0.5,
            "count": 7
        },
        "Economic.Policy.ExtrinsicReward.sum": {
            "value": 6.0,
            "min": 2.0,
            "max": 6.0,
            "count": 7
        },
        "Economic.Losses.PolicyLoss.mean": {
            "value": 0.025765453754380965,
            "min": 0.022321856126654892,
            "max": 0.03278507054007302,
            "count": 5
        },
        "Economic.Losses.PolicyLoss.sum": {
            "value": 0.025765453754380965,
            "min": 0.022321856126654892,
            "max": 0.03278507054007302,
            "count": 5
        },
        "Economic.Losses.ValueLoss.mean": {
            "value": 0.9024623105923335,
            "min": 0.5348688622315725,
            "max": 2.491751269499461,
            "count": 5
        },
        "Economic.Losses.ValueLoss.sum": {
            "value": 0.9024623105923335,
            "min": 0.5348688622315725,
            "max": 2.491751269499461,
            "count": 5
        },
        "Economic.Policy.LearningRate.mean": {
            "value": 0.00027911040696319996,
            "min": 0.00027911040696319996,
            "max": 0.00029587200137599993,
            "count": 5
        },
        "Economic.Policy.LearningRate.sum": {
            "value": 0.00027911040696319996,
            "min": 0.00027911040696319996,
            "max": 0.00029587200137599993,
            "count": 5
        },
        "Economic.Policy.Epsilon.mean": {
            "value": 0.19303679999999995,
            "min": 0.19303679999999995,
            "max": 0.19862399999999997,
            "count": 5
        },
        "Economic.Policy.Epsilon.sum": {
            "value": 0.19303679999999995,
            "min": 0.19303679999999995,
            "max": 0.19862399999999997,
            "count": 5
        },
        "Economic.Policy.Beta.mean": {
            "value": 0.009304376319999997,
            "min": 0.009304376319999997,
            "max": 0.0098625376,
            "count": 5
        },
        "Economic.Policy.Beta.sum": {
            "value": 0.009304376319999997,
            "min": 0.009304376319999997,
            "max": 0.0098625376,
            "count": 5
        }
    },
    "metadata": {
        "timer_format_version": "0.1.0",
        "start_time_seconds": "1671280745",
        "python_version": "3.6.13 |Anaconda, Inc.| (default, Mar 16 2021, 11:37:27) [MSC v.1916 64 bit (AMD64)]",
        "command_line_arguments": "C:\\Users\\USER\\anaconda3\\envs\\MLAgent\\Scripts\\mlagents-learn Economic.yaml --run-id=Economic --force",
        "mlagents_version": "0.28.0",
        "mlagents_envs_version": "0.28.0",
        "communication_protocol_version": "1.5.0",
        "pytorch_version": "1.7.1+cu110",
        "numpy_version": "1.19.5",
        "end_time_seconds": "1671281297"
    },
    "total": 552.6506862,
    "count": 1,
    "self": 0.020819200000005367,
    "children": {
        "run_training.setup": {
            "total": 0.1438459,
            "count": 1,
            "self": 0.1438459
        },
        "TrainerController.start_learning": {
            "total": 552.4860211,
            "count": 1,
            "self": 0.14093300000274667,
            "children": {
                "TrainerController._reset_env": {
                    "total": 18.3125879,
                    "count": 1,
                    "self": 18.3125879
                },
                "TrainerController.advance": {
                    "total": 533.7284919999973,
                    "count": 4630,
                    "self": 0.15123009999751957,
                    "children": {
                        "env_step": {
                            "total": 508.3127494999995,
                            "count": 4630,
                            "self": 497.9514483999974,
                            "children": {
                                "SubprocessEnvManager._take_step": {
                                    "total": 10.267344799998842,
                                    "count": 4630,
                                    "self": 0.4389724999983535,
                                    "children": {
                                        "TorchPolicy.evaluate": {
                                            "total": 9.828372300000488,
                                            "count": 4623,
                                            "self": 2.1487497999989422,
                                            "children": {
                                                "TorchPolicy.sample_actions": {
                                                    "total": 7.679622500001546,
                                                    "count": 4623,
                                                    "self": 7.679622500001546
                                                }
                                            }
                                        }
                                    }
                                },
                                "workers": {
                                    "total": 0.09395630000327415,
                                    "count": 4629,
                                    "self": 0.0,
                                    "children": {
                                        "worker_root": {
                                            "total": 537.038796800001,